doc_id,lote,fuente,destino,sha256,referencias_entrantes,estado,nota,archivos_referentes
DOC-ARQ-001,C3-A,18_DOCUMENTACION_ACTIVA/Continuidad/v0_6_0/PR_NUEVO/Mapa_Funcional_Preliminar_Ecosistema_AI_StoryLab_v0_6.md,02_ARQUITECTURA_Y_DISENO_DEL_ECOSISTEMA/Arquitectura_Funcional/Mapa_Funcional_Preliminar_Ecosistema_AI_StoryLab_v0_6.md,794441eb4dde056d1b54352fe00590c30ff5e4223c06801d14b5a811620b4fcc,21,elegible_pre_gate,Fuente matriz funcional; no declara dependencia conjunta con un HOLD.,00_CONTROL_MAESTRO/Auditorias_Estructurales/B2_Inventario_Taxonomia/Inventario_Estructural_Clasificado_AI_StoryLab_1.csv | 00_CONTROL_MAESTRO/Auditorias_Estructurales/B2_Inventario_Taxonomia/Inventario_Estructural_Clasificado_AI_StoryLab_1.md | 00_CONTROL_MAESTRO/Estado_Gobernanza_Documental/Indice_Documentos_Vigentes_C1_AI_StoryLab_1.md | 00_CONTROL_MAESTRO/Estado_Gobernanza_Documental/Inventario_Candidatos_C3_Arquitectura_Funcional_UX_AI_StoryLab_1.md | 00_CONTROL_MAESTRO/Estado_Gobernanza_Documental/Registro_Maestro_Fuentes_Canonicas_Vigencia_C1_AI_StoryLab_1.md | 00_CONTROL_MAESTRO/Estado_Gobernanza_Documental/Tabla_Sucesion_Deprecacion_Documental_C1_AI_StoryLab_1.md | 00_CONTROL_MAESTRO/Mapas_Repositorio/Tree_Repositorio_Compilado_Post_PR24_0beaf08_AI_StoryLab_1.md | 18_DOCUMENTACION_ACTIVA/Continuidad/v0_6_0/PR_NUEVO/Acta_Gate_Transicion_Controlada_v0_6_v0_7_AI_StoryLab.md | 18_DOCUMENTACION_ACTIVA/Continuidad/v0_6_0/PR_NUEVO/Auditoria_Documental_Final_PR20_AI_StoryLab_v0_6.md | 18_DOCUMENTACION_ACTIVA/Continuidad/v0_6_0/PR_NUEVO/Auditoria_Oficial_Mapa_Funcional_Preliminar_AI_StoryLab_v0_6.md | 18_DOCUMENTACION_ACTIVA/Continuidad/v0_6_0/PR_NUEVO/Bitacora_Cierre_Bloque_v0_6_AI_StoryLab.md | 18_DOCUMENTACION_ACTIVA/Continuidad/v0_6_0/PR_NUEVO/Bitacora_Sesion_v0_6_Diseno_Funcional_UX_AI_StoryLab.md | 18_DOCUMENTACION_ACTIVA/Continuidad/v0_6_0/PR_NUEVO/Bitacora_Transferencia_Simetrica_v0_6_Diseno_Funcional_UX_AI_StoryLab.md | 18_DOCUMENTACION_ACTIVA/Continuidad/v0_6_0/PR_NUEVO/Criterios_Accesibilidad_Claridad_AI_StoryLab_v0_6.md | 18_DOCUMENTACION_ACTIVA/Continuidad/v0_6_0/PR_NUEVO/Criterios_Interaccion_Humano_IA_AI_StoryLab_v0_6.md | 18_DOCUMENTACION_ACTIVA/Continuidad/v0_6_0/PR_NUEVO/Deuda_Funcional_UX_Matriz_Transicion_AI_StoryLab_v0_6.md | 18_DOCUMENTACION_ACTIVA/Continuidad/v0_6_0/PR_NUEVO/Flujos_Funcionales_Conceptuales_AI_StoryLab_v0_6.md | 18_DOCUMENTACION_ACTIVA/Continuidad/v0_6_0/PR_NUEVO/Modelo_Experiencia_Usuario_AI_StoryLab_v0_6.md | 18_DOCUMENTACION_ACTIVA/Continuidad/v0_6_0/PR_NUEVO/Plan_Trabajo_Documental_v0_6_Diseno_Funcional_UX_AI_StoryLab.md | 18_DOCUMENTACION_ACTIVA/Continuidad/v0_6_0/PR_NUEVO/Recorridos_Usuario_Sinteticos_AI_StoryLab_v0_6.md | 18_DOCUMENTACION_ACTIVA/Continuidad/v0_6_0/PR_NUEVO/Requisitos_Funcionales_Preliminares_AI_StoryLab_v0_6.md
DOC-ARQ-002,C3-A,18_DOCUMENTACION_ACTIVA/Continuidad/v0_6_0/PR_NUEVO/Requisitos_Funcionales_Preliminares_AI_StoryLab_v0_6.md,02_ARQUITECTURA_Y_DISENO_DEL_ECOSISTEMA/Arquitectura_Funcional/Requisitos_Funcionales_Preliminares_AI_StoryLab_v0_6.md,c68373581a2669b97ac152568440c80ce89b6ac77f4c5cb2055203cfc74ac2a6,14,condicionado_dependencias,"Depende de toda la familia v0.6, incluido DOC-GOB-007, y requiere estrategia de referencias antes del movimiento.",00_CONTROL_MAESTRO/Auditorias_Estructurales/B2_Inventario_Taxonomia/Inventario_Estructural_Clasificado_AI_StoryLab_1.csv | 00_CONTROL_MAESTRO/Auditorias_Estructurales/B2_Inventario_Taxonomia/Inventario_Estructural_Clasificado_AI_StoryLab_1.md | 00_CONTROL_MAESTRO/Estado_Gobernanza_Documental/Indice_Documentos_Vigentes_C1_AI_StoryLab_1.md | 00_CONTROL_MAESTRO/Estado_Gobernanza_Documental/Inventario_Candidatos_C3_Arquitectura_Funcional_UX_AI_StoryLab_1.md | 00_CONTROL_MAESTRO/Estado_Gobernanza_Documental/Registro_Maestro_Fuentes_Canonicas_Vigencia_C1_AI_StoryLab_1.md | 00_CONTROL_MAESTRO/Estado_Gobernanza_Documental/Tabla_Sucesion_Deprecacion_Documental_C1_AI_StoryLab_1.md | 00_CONTROL_MAESTRO/Mapas_Repositorio/Tree_Repositorio_Compilado_Post_PR24_0beaf08_AI_StoryLab_1.md | 18_DOCUMENTACION_ACTIVA/Continuidad/v0_6_0/PR_NUEVO/Acta_Gate_Transicion_Controlada_v0_6_v0_7_AI_StoryLab.md | 18_DOCUMENTACION_ACTIVA/Continuidad/v0_6_0/PR_NUEVO/Auditoria_Documental_Final_PR20_AI_StoryLab_v0_6.md | 18_DOCUMENTACION_ACTIVA/Continuidad/v0_6_0/PR_NUEVO/Bitacora_Cierre_Bloque_v0_6_AI_StoryLab.md | 18_DOCUMENTACION_ACTIVA/Continuidad/v0_6_0/PR_NUEVO/Bitacora_Sesion_v0_6_Diseno_Funcional_UX_AI_StoryLab.md | 18_DOCUMENTACION_ACTIVA/Continuidad/v0_6_0/PR_NUEVO/Bitacora_Transferencia_Simetrica_v0_6_Diseno_Funcional_UX_AI_StoryLab.md | 18_DOCUMENTACION_ACTIVA/Continuidad/v0_6_0/PR_NUEVO/Deuda_Funcional_UX_Matriz_Transicion_AI_StoryLab_v0_6.md | 18_DOCUMENTACION_ACTIVA/Continuidad/v0_6_0/PR_NUEVO/Plan_Trabajo_Documental_v0_6_Diseno_Funcional_UX_AI_StoryLab.md
DOC-UX-002,C3-B,18_DOCUMENTACION_ACTIVA/Continuidad/v0_6_0/PR_NUEVO/Modelo_Experiencia_Usuario_AI_StoryLab_v0_6.md,02_ARQUITECTURA_Y_DISENO_DEL_ECOSISTEMA/Diseno_Funcional_UX/Modelo_Experiencia_Usuario_AI_StoryLab_v0_6.md,0e9ef0f5827d191cc0a352e6689b3d4d8a73382dba1a906ef5a3b30c61e9de2d,21,elegible_pre_gate,Deriva del mapa funcional y mantiene límites claros frente a arquitectura técnica e implementación.,00_CONTROL_MAESTRO/Auditorias_Estructurales/B2_Inventario_Taxonomia/Inventario_Estructural_Clasificado_AI_StoryLab_1.csv | 00_CONTROL_MAESTRO/Auditorias_Estructurales/B2_Inventario_Taxonomia/Inventario_Estructural_Clasificado_AI_StoryLab_1.md | 00_CONTROL_MAESTRO/Auditorias_Estructurales/B6_Arbol_Objetivo_Simulacion/Matriz_Simulacion_Rutas_Actuales_Objetivo_B6_AI_StoryLab_1.csv | 00_CONTROL_MAESTRO/Estado_Gobernanza_Documental/Indice_Documentos_Vigentes_C1_AI_StoryLab_1.md | 00_CONTROL_MAESTRO/Estado_Gobernanza_Documental/Inventario_Candidatos_C3_Arquitectura_Funcional_UX_AI_StoryLab_1.md | 00_CONTROL_MAESTRO/Estado_Gobernanza_Documental/Registro_Maestro_Fuentes_Canonicas_Vigencia_C1_AI_StoryLab_1.md | 00_CONTROL_MAESTRO/Estado_Gobernanza_Documental/Tabla_Sucesion_Deprecacion_Documental_C1_AI_StoryLab_1.md | 00_CONTROL_MAESTRO/Mapas_Repositorio/Tree_Repositorio_Compilado_Post_PR24_0beaf08_AI_StoryLab_1.md | 18_DOCUMENTACION_ACTIVA/Continuidad/v0_6_0/PR_NUEVO/Acta_Gate_Transicion_Controlada_v0_6_v0_7_AI_StoryLab.md | 18_DOCUMENTACION_ACTIVA/Continuidad/v0_6_0/PR_NUEVO/Auditoria_Documental_Final_PR20_AI_StoryLab_v0_6.md | 18_DOCUMENTACION_ACTIVA/Continuidad/v0_6_0/PR_NUEVO/Bitacora_Cierre_Bloque_v0_6_AI_StoryLab.md | 18_DOCUMENTACION_ACTIVA/Continuidad/v0_6_0/PR_NUEVO/Bitacora_Sesion_v0_6_Diseno_Funcional_UX_AI_StoryLab.md | 18_DOCUMENTACION_ACTIVA/Continuidad/v0_6_0/PR_NUEVO/Bitacora_Transferencia_Simetrica_v0_6_Diseno_Funcional_UX_AI_StoryLab.md | 18_DOCUMENTACION_ACTIVA/Continuidad/v0_6_0/PR_NUEVO/Criterios_Accesibilidad_Claridad_AI_StoryLab_v0_6.md | 18_DOCUMENTACION_ACTIVA/Continuidad/v0_6_0/PR_NUEVO/Criterios_Interaccion_Humano_IA_AI_StoryLab_v0_6.md | 18_DOCUMENTACION_ACTIVA/Continuidad/v0_6_0/PR_NUEVO/Deuda_Funcional_UX_Matriz_Transicion_AI_StoryLab_v0_6.md | 18_DOCUMENTACION_ACTIVA/Continuidad/v0_6_0/PR_NUEVO/Flujos_Funcionales_Conceptuales_AI_StoryLab_v0_6.md | 18_DOCUMENTACION_ACTIVA/Continuidad/v0_6_0/PR_NUEVO/Mapa_Funcional_Preliminar_Ecosistema_AI_StoryLab_v0_6.md | 18_DOCUMENTACION_ACTIVA/Continuidad/v0_6_0/PR_NUEVO/Plan_Trabajo_Documental_v0_6_Diseno_Funcional_UX_AI_StoryLab.md | 18_DOCUMENTACION_ACTIVA/Continuidad/v0_6_0/PR_NUEVO/Recorridos_Usuario_Sinteticos_AI_StoryLab_v0_6.md | 18_DOCUMENTACION_ACTIVA/Continuidad/v0_6_0/PR_NUEVO/Requisitos_Funcionales_Preliminares_AI_StoryLab_v0_6.md
DOC-UX-003,C3-B,18_DOCUMENTACION_ACTIVA/Continuidad/v0_6_0/PR_NUEVO/Flujos_Funcionales_Conceptuales_AI_StoryLab_v0_6.md,02_ARQUITECTURA_Y_DISENO_DEL_ECOSISTEMA/Diseno_Funcional_UX/Flujos_Funcionales_Conceptuales_AI_StoryLab_v0_6.md,d2d2df6ae189eaf39f268625194a1b934f4dc1d1ab374601d5129fb254271a2a,20,blocked_dependencia_conjunta,"Su estado declara integración canónica conjunta con DOC-GOB-007, que permanece en HOLD de clasificación.",00_CONTROL_MAESTRO/Auditorias_Estructurales/B2_Inventario_Taxonomia/Inventario_Estructural_Clasificado_AI_StoryLab_1.csv | 00_CONTROL_MAESTRO/Auditorias_Estructurales/B2_Inventario_Taxonomia/Inventario_Estructural_Clasificado_AI_StoryLab_1.md | 00_CONTROL_MAESTRO/Auditorias_Estructurales/B6_Arbol_Objetivo_Simulacion/Matriz_Simulacion_Rutas_Actuales_Objetivo_B6_AI_StoryLab_1.csv | 00_CONTROL_MAESTRO/Estado_Gobernanza_Documental/Indice_Documentos_Vigentes_C1_AI_StoryLab_1.md | 00_CONTROL_MAESTRO/Estado_Gobernanza_Documental/Inventario_Candidatos_C3_Arquitectura_Funcional_UX_AI_StoryLab_1.md | 00_CONTROL_MAESTRO/Estado_Gobernanza_Documental/Registro_Maestro_Fuentes_Canonicas_Vigencia_C1_AI_StoryLab_1.md | 00_CONTROL_MAESTRO/Estado_Gobernanza_Documental/Tabla_Sucesion_Deprecacion_Documental_C1_AI_StoryLab_1.md | 00_CONTROL_MAESTRO/Mapas_Repositorio/Tree_Repositorio_Compilado_Post_PR24_0beaf08_AI_StoryLab_1.md | 18_DOCUMENTACION_ACTIVA/Continuidad/v0_6_0/PR_NUEVO/Acta_Gate_Transicion_Controlada_v0_6_v0_7_AI_StoryLab.md | 18_DOCUMENTACION_ACTIVA/Continuidad/v0_6_0/PR_NUEVO/Auditoria_Documental_Final_PR20_AI_StoryLab_v0_6.md | 18_DOCUMENTACION_ACTIVA/Continuidad/v0_6_0/PR_NUEVO/Bitacora_Cierre_Bloque_v0_6_AI_StoryLab.md | 18_DOCUMENTACION_ACTIVA/Continuidad/v0_6_0/PR_NUEVO/Bitacora_Sesion_v0_6_Diseno_Funcional_UX_AI_StoryLab.md | 18_DOCUMENTACION_ACTIVA/Continuidad/v0_6_0/PR_NUEVO/Bitacora_Transferencia_Simetrica_v0_6_Diseno_Funcional_UX_AI_StoryLab.md | 18_DOCUMENTACION_ACTIVA/Continuidad/v0_6_0/PR_NUEVO/Criterios_Accesibilidad_Claridad_AI_StoryLab_v0_6.md | 18_DOCUMENTACION_ACTIVA/Continuidad/v0_6_0/PR_NUEVO/Criterios_Interaccion_Humano_IA_AI_StoryLab_v0_6.md | 18_DOCUMENTACION_ACTIVA/Continuidad/v0_6_0/PR_NUEVO/Deuda_Funcional_UX_Matriz_Transicion_AI_StoryLab_v0_6.md | 18_DOCUMENTACION_ACTIVA/Continuidad/v0_6_0/PR_NUEVO/Modelo_Experiencia_Usuario_AI_StoryLab_v0_6.md | 18_DOCUMENTACION_ACTIVA/Continuidad/v0_6_0/PR_NUEVO/Plan_Trabajo_Documental_v0_6_Diseno_Funcional_UX_AI_StoryLab.md | 18_DOCUMENTACION_ACTIVA/Continuidad/v0_6_0/PR_NUEVO/Recorridos_Usuario_Sinteticos_AI_StoryLab_v0_6.md | 18_DOCUMENTACION_ACTIVA/Continuidad/v0_6_0/PR_NUEVO/Requisitos_Funcionales_Preliminares_AI_StoryLab_v0_6.md
DOC-UX-004,C3-B,18_DOCUMENTACION_ACTIVA/Continuidad/v0_6_0/PR_NUEVO/Recorridos_Usuario_Sinteticos_AI_StoryLab_v0_6.md,02_ARQUITECTURA_Y_DISENO_DEL_ECOSISTEMA/Diseno_Funcional_UX/Recorridos_Usuario_Sinteticos_AI_StoryLab_v0_6.md,63b27477ae588ba2e21a282b2875e99df33e7ae9b5beaf827b925d50e620b4ae,19,condicionado_dependencias,Depende de DOC-GOB-007 y DOC-UX-003; requiere resolver el bloque conjunto antes del movimiento.,00_CONTROL_MAESTRO/Auditorias_Estructurales/B2_Inventario_Taxonomia/Inventario_Estructural_Clasificado_AI_StoryLab_1.csv | 00_CONTROL_MAESTRO/Auditorias_Estructurales/B2_Inventario_Taxonomia/Inventario_Estructural_Clasificado_AI_StoryLab_1.md | 00_CONTROL_MAESTRO/Auditorias_Estructurales/B6_Arbol_Objetivo_Simulacion/Matriz_Simulacion_Rutas_Actuales_Objetivo_B6_AI_StoryLab_1.csv | 00_CONTROL_MAESTRO/Estado_Gobernanza_Documental/Indice_Documentos_Vigentes_C1_AI_StoryLab_1.md | 00_CONTROL_MAESTRO/Estado_Gobernanza_Documental/Inventario_Candidatos_C3_Arquitectura_Funcional_UX_AI_StoryLab_1.md | 00_CONTROL_MAESTRO/Estado_Gobernanza_Documental/Registro_Maestro_Fuentes_Canonicas_Vigencia_C1_AI_StoryLab_1.md | 00_CONTROL_MAESTRO/Estado_Gobernanza_Documental/Tabla_Sucesion_Deprecacion_Documental_C1_AI_StoryLab_1.md | 00_CONTROL_MAESTRO/Mapas_Repositorio/Tree_Repositorio_Compilado_Post_PR24_0beaf08_AI_StoryLab_1.md | 18_DOCUMENTACION_ACTIVA/Continuidad/v0_6_0/PR_NUEVO/Acta_Gate_Transicion_Controlada_v0_6_v0_7_AI_StoryLab.md | 18_DOCUMENTACION_ACTIVA/Continuidad/v0_6_0/PR_NUEVO/Auditoria_Documental_Final_PR20_AI_StoryLab_v0_6.md | 18_DOCUMENTACION_ACTIVA/Continuidad/v0_6_0/PR_NUEVO/Bitacora_Cierre_Bloque_v0_6_AI_StoryLab.md | 18_DOCUMENTACION_ACTIVA/Continuidad/v0_6_0/PR_NUEVO/Bitacora_Sesion_v0_6_Diseno_Funcional_UX_AI_StoryLab.md | 18_DOCUMENTACION_ACTIVA/Continuidad/v0_6_0/PR_NUEVO/Bitacora_Transferencia_Simetrica_v0_6_Diseno_Funcional_UX_AI_StoryLab.md | 18_DOCUMENTACION_ACTIVA/Continuidad/v0_6_0/PR_NUEVO/Criterios_Accesibilidad_Claridad_AI_StoryLab_v0_6.md | 18_DOCUMENTACION_ACTIVA/Continuidad/v0_6_0/PR_NUEVO/Criterios_Interaccion_Humano_IA_AI_StoryLab_v0_6.md | 18_DOCUMENTACION_ACTIVA/Continuidad/v0_6_0/PR_NUEVO/Deuda_Funcional_UX_Matriz_Transicion_AI_StoryLab_v0_6.md | 18_DOCUMENTACION_ACTIVA/Continuidad/v0_6_0/PR_NUEVO/Flujos_Funcionales_Conceptuales_AI_StoryLab_v0_6.md | 18_DOCUMENTACION_ACTIVA/Continuidad/v0_6_0/PR_NUEVO/Plan_Trabajo_Documental_v0_6_Diseno_Funcional_UX_AI_StoryLab.md | 18_DOCUMENTACION_ACTIVA/Continuidad/v0_6_0/PR_NUEVO/Requisitos_Funcionales_Preliminares_AI_StoryLab_v0_6.md
DOC-UX-005,C3-B,18_DOCUMENTACION_ACTIVA/Continuidad/v0_6_0/PR_NUEVO/Criterios_Accesibilidad_Claridad_AI_StoryLab_v0_6.md,02_ARQUITECTURA_Y_DISENO_DEL_ECOSISTEMA/Diseno_Funcional_UX/Criterios_Accesibilidad_Claridad_AI_StoryLab_v0_6.md,cab34953f5a842a6c4fc810ef0926fc8d6323494c75d622c2dc3864b80e58a75,14,condicionado_dependencias,"Depende de DOC-GOB-007, DOC-UX-003, DOC-UX-004 y DOC-UX-006; requiere mapa de referencias cerrado.",00_CONTROL_MAESTRO/Auditorias_Estructurales/B2_Inventario_Taxonomia/Inventario_Estructural_Clasificado_AI_StoryLab_1.csv | 00_CONTROL_MAESTRO/Auditorias_Estructurales/B2_Inventario_Taxonomia/Inventario_Estructural_Clasificado_AI_StoryLab_1.md | 00_CONTROL_MAESTRO/Estado_Gobernanza_Documental/Indice_Documentos_Vigentes_C1_AI_StoryLab_1.md | 00_CONTROL_MAESTRO/Estado_Gobernanza_Documental/Inventario_Candidatos_C3_Arquitectura_Funcional_UX_AI_StoryLab_1.md | 00_CONTROL_MAESTRO/Estado_Gobernanza_Documental/Registro_Maestro_Fuentes_Canonicas_Vigencia_C1_AI_StoryLab_1.md | 00_CONTROL_MAESTRO/Estado_Gobernanza_Documental/Tabla_Sucesion_Deprecacion_Documental_C1_AI_StoryLab_1.md | 00_CONTROL_MAESTRO/Mapas_Repositorio/Tree_Repositorio_Compilado_Post_PR24_0beaf08_AI_StoryLab_1.md | 18_DOCUMENTACION_ACTIVA/Continuidad/v0_6_0/PR_NUEVO/Acta_Gate_Transicion_Controlada_v0_6_v0_7_AI_StoryLab.md | 18_DOCUMENTACION_ACTIVA/Continuidad/v0_6_0/PR_NUEVO/Auditoria_Documental_Final_PR20_AI_StoryLab_v0_6.md | 18_DOCUMENTACION_ACTIVA/Continuidad/v0_6_0/PR_NUEVO/Bitacora_Cierre_Bloque_v0_6_AI_StoryLab.md | 18_DOCUMENTACION_ACTIVA/Continuidad/v0_6_0/PR_NUEVO/Bitacora_Sesion_v0_6_Diseno_Funcional_UX_AI_StoryLab.md | 18_DOCUMENTACION_ACTIVA/Continuidad/v0_6_0/PR_NUEVO/Bitacora_Transferencia_Simetrica_v0_6_Diseno_Funcional_UX_AI_StoryLab.md | 18_DOCUMENTACION_ACTIVA/Continuidad/v0_6_0/PR_NUEVO/Deuda_Funcional_UX_Matriz_Transicion_AI_StoryLab_v0_6.md | 18_DOCUMENTACION_ACTIVA/Continuidad/v0_6_0/PR_NUEVO/Requisitos_Funcionales_Preliminares_AI_StoryLab_v0_6.md
DOC-UX-006,C3-B,18_DOCUMENTACION_ACTIVA/Continuidad/v0_6_0/PR_NUEVO/Criterios_Interaccion_Humano_IA_AI_StoryLab_v0_6.md,02_ARQUITECTURA_Y_DISENO_DEL_ECOSISTEMA/Diseno_Funcional_UX/Criterios_Interaccion_Humano_IA_AI_StoryLab_v0_6.md,d445be458898c313156e63001a23ea9506f3ab98c785e6f8ed8d6d6793f6f989,18,condicionado_dependencias,"Depende de DOC-GOB-007, DOC-UX-003 y DOC-UX-004; sirve de puente hacia seguridad futura.",00_CONTROL_MAESTRO/Auditorias_Estructurales/B2_Inventario_Taxonomia/Inventario_Estructural_Clasificado_AI_StoryLab_1.csv | 00_CONTROL_MAESTRO/Auditorias_Estructurales/B2_Inventario_Taxonomia/Inventario_Estructural_Clasificado_AI_StoryLab_1.md | 00_CONTROL_MAESTRO/Auditorias_Estructurales/B6_Arbol_Objetivo_Simulacion/Matriz_Simulacion_Rutas_Actuales_Objetivo_B6_AI_StoryLab_1.csv | 00_CONTROL_MAESTRO/Estado_Gobernanza_Documental/Indice_Documentos_Vigentes_C1_AI_StoryLab_1.md | 00_CONTROL_MAESTRO/Estado_Gobernanza_Documental/Inventario_Candidatos_C3_Arquitectura_Funcional_UX_AI_StoryLab_1.md | 00_CONTROL_MAESTRO/Estado_Gobernanza_Documental/Registro_Maestro_Fuentes_Canonicas_Vigencia_C1_AI_StoryLab_1.md | 00_CONTROL_MAESTRO/Estado_Gobernanza_Documental/Tabla_Sucesion_Deprecacion_Documental_C1_AI_StoryLab_1.md | 00_CONTROL_MAESTRO/Mapas_Repositorio/Tree_Repositorio_Compilado_Post_PR24_0beaf08_AI_StoryLab_1.md | 18_DOCUMENTACION_ACTIVA/Continuidad/v0_6_0/PR_NUEVO/Acta_Gate_Transicion_Controlada_v0_6_v0_7_AI_StoryLab.md | 18_DOCUMENTACION_ACTIVA/Continuidad/v0_6_0/PR_NUEVO/Auditoria_Documental_Final_PR20_AI_StoryLab_v0_6.md | 18_DOCUMENTACION_ACTIVA/Continuidad/v0_6_0/PR_NUEVO/Auditoria_Oficial_Mapa_Funcional_Preliminar_AI_StoryLab_v0_6.md | 18_DOCUMENTACION_ACTIVA/Continuidad/v0_6_0/PR_NUEVO/Bitacora_Cierre_Bloque_v0_6_AI_StoryLab.md | 18_DOCUMENTACION_ACTIVA/Continuidad/v0_6_0/PR_NUEVO/Bitacora_Sesion_v0_6_Diseno_Funcional_UX_AI_StoryLab.md | 18_DOCUMENTACION_ACTIVA/Continuidad/v0_6_0/PR_NUEVO/Bitacora_Transferencia_Simetrica_v0_6_Diseno_Funcional_UX_AI_StoryLab.md | 18_DOCUMENTACION_ACTIVA/Continuidad/v0_6_0/PR_NUEVO/Criterios_Accesibilidad_Claridad_AI_StoryLab_v0_6.md | 18_DOCUMENTACION_ACTIVA/Continuidad/v0_6_0/PR_NUEVO/Deuda_Funcional_UX_Matriz_Transicion_AI_StoryLab_v0_6.md | 18_DOCUMENTACION_ACTIVA/Continuidad/v0_6_0/PR_NUEVO/Plan_Trabajo_Documental_v0_6_Diseno_Funcional_UX_AI_StoryLab.md | 18_DOCUMENTACION_ACTIVA/Continuidad/v0_6_0/PR_NUEVO/Requisitos_Funcionales_Preliminares_AI_StoryLab_v0_6.md
DOC-GOB-007,C3-H1,18_DOCUMENTACION_ACTIVA/Continuidad/v0_6_0/PR_NUEVO/Marco_Estandarizado_Mision_AI_StoryLab_v0_6.md,pendiente,08535ee04aee2886b1dea4d6a29badf95614a627c686ce0fecf4deadb65aaabb,18,hold_clasificacion,Documento puente funcional aprobado conjuntamente con flujos; requiere dictamen de autoridad y ruta objetivo.,00_CONTROL_MAESTRO/Auditorias_Estructurales/B2_Inventario_Taxonomia/Inventario_Estructural_Clasificado_AI_StoryLab_1.csv | 00_CONTROL_MAESTRO/Auditorias_Estructurales/B2_Inventario_Taxonomia/Inventario_Estructural_Clasificado_AI_StoryLab_1.md | 00_CONTROL_MAESTRO/Estado_Gobernanza_Documental/Indice_Documentos_Vigentes_C1_AI_StoryLab_1.md | 00_CONTROL_MAESTRO/Estado_Gobernanza_Documental/Inventario_Candidatos_C3_Arquitectura_Funcional_UX_AI_StoryLab_1.md | 00_CONTROL_MAESTRO/Estado_Gobernanza_Documental/Registro_Maestro_Fuentes_Canonicas_Vigencia_C1_AI_StoryLab_1.md | 00_CONTROL_MAESTRO/Estado_Gobernanza_Documental/Tabla_Sucesion_Deprecacion_Documental_C1_AI_StoryLab_1.md | 00_CONTROL_MAESTRO/Mapas_Repositorio/Tree_Repositorio_Compilado_Post_PR24_0beaf08_AI_StoryLab_1.md | 18_DOCUMENTACION_ACTIVA/Continuidad/v0_6_0/PR_NUEVO/Acta_Gate_Transicion_Controlada_v0_6_v0_7_AI_StoryLab.md | 18_DOCUMENTACION_ACTIVA/Continuidad/v0_6_0/PR_NUEVO/Auditoria_Documental_Final_PR20_AI_StoryLab_v0_6.md | 18_DOCUMENTACION_ACTIVA/Continuidad/v0_6_0/PR_NUEVO/Bitacora_Cierre_Bloque_v0_6_AI_StoryLab.md | 18_DOCUMENTACION_ACTIVA/Continuidad/v0_6_0/PR_NUEVO/Bitacora_Sesion_v0_6_Diseno_Funcional_UX_AI_StoryLab.md | 18_DOCUMENTACION_ACTIVA/Continuidad/v0_6_0/PR_NUEVO/Bitacora_Transferencia_Simetrica_v0_6_Diseno_Funcional_UX_AI_StoryLab.md | 18_DOCUMENTACION_ACTIVA/Continuidad/v0_6_0/PR_NUEVO/Criterios_Accesibilidad_Claridad_AI_StoryLab_v0_6.md | 18_DOCUMENTACION_ACTIVA/Continuidad/v0_6_0/PR_NUEVO/Criterios_Interaccion_Humano_IA_AI_StoryLab_v0_6.md | 18_DOCUMENTACION_ACTIVA/Continuidad/v0_6_0/PR_NUEVO/Deuda_Funcional_UX_Matriz_Transicion_AI_StoryLab_v0_6.md | 18_DOCUMENTACION_ACTIVA/Continuidad/v0_6_0/PR_NUEVO/Flujos_Funcionales_Conceptuales_AI_StoryLab_v0_6.md | 18_DOCUMENTACION_ACTIVA/Continuidad/v0_6_0/PR_NUEVO/Recorridos_Usuario_Sinteticos_AI_StoryLab_v0_6.md | 18_DOCUMENTACION_ACTIVA/Continuidad/v0_6_0/PR_NUEVO/Requisitos_Funcionales_Preliminares_AI_StoryLab_v0_6.md
DOC-UX-007,C3-H2,18_DOCUMENTACION_ACTIVA/Continuidad/v0_7_0/Arquitectura_Tecnica_Seguridad/Vista_Facilitador/Vista_Facilitador_No_Vigilante_v0_7_AI_StoryLab.md,pendiente,647baa79d57bd1585a0d091b00621ce951cb53b0c1fadad4b0e899c7df1e9dfa,20,hold_compartido_C3_C4,"Fuente compartida UX, roles y seguridad; no entra en esta evaluación de movimiento.",00_CONTROL_MAESTRO/Auditorias_Estructurales/B2_Inventario_Taxonomia/Inventario_Estructural_Clasificado_AI_StoryLab_1.csv | 00_CONTROL_MAESTRO/Auditorias_Estructurales/B2_Inventario_Taxonomia/Inventario_Estructural_Clasificado_AI_StoryLab_1.md | 00_CONTROL_MAESTRO/Estado_Gobernanza_Documental/Indice_Documentos_Vigentes_C1_AI_StoryLab_1.md | 00_CONTROL_MAESTRO/Estado_Gobernanza_Documental/Inventario_Candidatos_C3_Arquitectura_Funcional_UX_AI_StoryLab_1.md | 00_CONTROL_MAESTRO/Estado_Gobernanza_Documental/Registro_Maestro_Fuentes_Canonicas_Vigencia_C1_AI_StoryLab_1.md | 00_CONTROL_MAESTRO/Mapas_Repositorio/Tree_Repositorio_Compilado_Post_PR24_0beaf08_AI_StoryLab_1.md | 18_DOCUMENTACION_ACTIVA/Continuidad/v0_7_0/Arquitectura_Tecnica_Seguridad/Arquitectura_Modular_Dominio/Arquitectura_Modular_Objetos_Dominio_POO_SOLID_v0_7_AI_StoryLab.md | 18_DOCUMENTACION_ACTIVA/Continuidad/v0_7_0/Arquitectura_Tecnica_Seguridad/Auditorias_Herencia/Auditoria_Herencia_Funcional_MVP_v0_3_v0_7_AI_StoryLab.md | 18_DOCUMENTACION_ACTIVA/Continuidad/v0_7_0/Arquitectura_Tecnica_Seguridad/Cierre_Sesion/Compendio_Cierre_Sesion_Mapa_v0_7_Arquitectura_Tecnica_Seguridad_AI_StoryLab.md | 02_ARQUITECTURA_Y_DISENO_DEL_ECOSISTEMA/Arquitectura_Tecnica_Referencia/Entrega_Portafolio_Exportabilidad/Entrega_Portafolio_Metadatos_Exportabilidad_Local_First_v0_7_AI_StoryLab.md | 18_DOCUMENTACION_ACTIVA/Continuidad/v0_7_0/Arquitectura_Tecnica_Seguridad/Glosario_Operativo/Glosario_Operativo_Lenguaje_Canonico_Ayudas_Contextuales_v0_7_AI_StoryLab.md | 18_DOCUMENTACION_ACTIVA/Continuidad/v0_7_0/Arquitectura_Tecnica_Seguridad/Gobernanza_Tecnica/Gobernanza_Tecnica_Hacia_v1_0_0_AI_StoryLab.md | 18_DOCUMENTACION_ACTIVA/Continuidad/v0_7_0/Arquitectura_Tecnica_Seguridad/Herramientas_Recursos_Externos/Ecosistema_Herramientas_Recursos_Externos_Notas_Institucionales_v0_7_AI_StoryLab.md | 18_DOCUMENTACION_ACTIVA/Continuidad/v0_7_0/Arquitectura_Tecnica_Seguridad/Mapas_Decision/Mapa_Decisiones_Tecnicas_v0_7_AI_StoryLab.md | 02_ARQUITECTURA_Y_DISENO_DEL_ECOSISTEMA/Arquitectura_Tecnica_Referencia/Privacidad_Defecto/Modelo_Privacidad_Defecto_v0_7_AI_StoryLab.md | 18_DOCUMENTACION_ACTIVA/Continuidad/v0_7_0/Arquitectura_Tecnica_Seguridad/Prompts_IA_No_Embebida/Prompts_Documentacion_IA_No_Embebida_v0_7_AI_StoryLab.md | 02_ARQUITECTURA_Y_DISENO_DEL_ECOSISTEMA/Arquitectura_Tecnica_Referencia/Seguridad_Diseno/Modelo_Seguridad_Diseno_v0_7_AI_StoryLab.md | 02_ARQUITECTURA_Y_DISENO_DEL_ECOSISTEMA/Arquitectura_Tecnica_Referencia/Trazabilidad_Formativa/Trazabilidad_Formativa_No_Vigilante_v0_7_AI_StoryLab.md | 18_DOCUMENTACION_ACTIVA/Continuidad/v0_7_0/POST_MERGE_PR22/Kit_Continuidad_Inicio_Sesion_v0_7_0_Post_PR22/Matriz_Continuidad_Estrategica_v0_7_0_a_v1_0_0.md | 18_DOCUMENTACION_ACTIVA/Continuidad/v0_7_0/POST_MERGE_PR22/Kit_Continuidad_Inicio_Sesion_v0_7_0_Post_PR22/Ruta_Primeros_Documentos_Sustantivos_v0_7_0.md
